{
	"ns":"JUL",
	"title":"JUL Namespace",
	"version":"0.1501151929279",
	"site":"./assets/examples/jcs.html?v=1.5.2",
	"path":"JUL",
	"levels":4,
	"showPaths":[],
	"copyright":"/*\n\tJUL - The JavaScript UI Language version 1.5.2\n\tCopyright (c) 2012 - 2017 The Zonebuilder <zone.builder@gmx.com>\n\thttp://sourceforge.net/projects/jul-javascript/\n\tLicenses: GNU GPL2 or later; GNU LGPLv3 or later (http://sourceforge.net/p/jul-javascript/wiki/License/)\n */\n",
	"jslint":"/* jshint browser: true, curly: true, eqeqeq: true, expr: true, funcscope: true, immed: true, latedef: true, \n\tonevar: true, newcap: true, noarg: true, node: true, strict: true, trailing: true, undef: true, unused: vars, wsh: true */\n/* globals ample, JUL */\n",
	"excludePaths":["JUL.Comments","JUL.Designer"],
	"useJul":false,
	"sortKeys":["JUL","JUL.Ref.prototype","JUL.UI"],
	"expandProto":["JUL.Ref"],
	"files":{
		"JUL":{
			"putOutside":["Ref","UI"],
			"jslint":"/* jshint browser: true, curly: true, eqeqeq: true, expr: true, funcscope: true, immed: true, latedef: true, \n\tonevar: true, newcap: true, noarg: true, node: true, strict: true, trailing: true, undef: true, unused: vars, wsh: true */\n/* globals JUL: true */\n",
			"template":"{copyright}{fileOverview}{jslint}\n(function(global) {\n'use strict';\n/* initialize JUL global namespace */\nglobal.JUL = {};\n\n{code}\n/* make JUL.Instance to inherit the JUL members */\nJUL.apply(JUL.Instance.prototype, JUL, false, ['Instance', 'Ref', 'UI', 'version', '_getAutoInstance']);\n\n/* add 'indexOf' Array method, if not present */\nif (typeof Array.prototype.indexOf !== 'function') {\n\tArray.prototype.indexOf = function(oSearch, nStart) {\n\t\tfor (var i = nStart || 0; i < this.length; i++) {\n\t\t\tif (this[i] === oSearch) { return i; }\n\t\t}\n\t\treturn -1;\n\t};\n}\n\n/* add 'map' Array method, if not present */\nif (typeof Array.prototype.map !== 'function') {\n\tArray.prototype.map = function(fMap, oScope) {\n\t\tif (typeof fMap !== 'function') { return null; }\n\t\tvar aResult = [];\n\t\tfor (var i = 0; i < this.length; i++) {\n\t\t\taResult.push(oScope ? fMap.call(oScope, this[i], i, this) : fMap(this[i], i, this));\n\t\t}\n\t\treturn aResult;\n\t};\n}\n\n})(typeof global !== 'undefined' ? global : window);\n\n/* end JUL.js */\n",
			"useJul":false
		},
		"JUL.Ref":{
			"putOutside":[],
			"jslint":"/* jshint browser: true, curly: true, eqeqeq: true, expr: true, funcscope: true, immed: true, latedef: true, \n\tonevar: true, newcap: true, noarg: true, node: true, strict: true, trailing: true, undef: true, unused: vars, wsh: true */\n/* globals JUL */\n",
			"template":"{copyright}{fileOverview}{jslint}\n(function() {\n'use strict';\n// JUL & tools always remain global namespaces\nvar jul = JUL;\n\n{code}\n})();\n\n/* end JUL.Ref.js */\n",
			"useJul":true
		},
		"JUL.UI":{
			"putOutside":[],
			"jslint":"/* jshint browser: true, curly: true, eqeqeq: true, expr: true, funcscope: true, immed: true, latedef: true, \n\tonevar: true, newcap: true, noarg: true, node: true, strict: true, trailing: true, undef: true, unused: vars, wsh: true */\n/* globals ample, JUL */\n",
			"template":"{copyright}{fileOverview}{jslint}\n(function(global) {\n'use strict';\n// JUL & tools always remain global namespaces\nvar jul = JUL;\n\n{code}\n/* initiate a cyclic direct inheritance */\nJUL.UI.Parser.prototype = JUL.UI;\n\n})(typeof global !== 'undefined' ? global : window);\n\n/* end JUL.UI.js */\n",
			"useJul":true
		}
	},
	"comments":{
		"JUL":[
			{"field":"description","value":"JUL global namespace"},
			{"field":"namespace","value":"It holds the utility methods used by JUL"}
		],
		"JUL.@fileOverview":[
			{"field":"fileOverview",
			"value":"\nThe JavaScript UI Language (JUL) is a configuration and instantiation module for the JavaScript frameworks. \nIt can be used with any framework that accepts a configuration object as a constructor parameter, \nor with a custom factory for the other frameworks.<br />\nJUL parses a tree of configuration objects, and creates the runtime components in the expected order and membership. \nFor the most uses, after this step, you will have your application's user interface up and running.<br>\n<br>An example of the JUL tree for a generic 'FWK.Widgets' component library:\n<pre><code>var oUiConfig = {\n    xclass: 'FWK.Widgets.DataView',\n    id: 'APP.mainView',\n    autoDraw: false,\n    overflow: 'hidden',\n    children: [{\n        xclass: 'FWK.Widgets.VLayout',\n        id:'VLayout0',\n        children: [{\n            xclass: 'FWK.Widgets.ToolStrip',\n            id: 'ToolStrip0',\n            visibilityMode: 'multiple'\n        }, {\n            xclass: 'FWK.Widgets.HLayout',\n            id: 'HLayout0',\n            children: [{\n                xclass: 'FWK.Widgets.VLayout',\n                id: 'Navigation',\n                width: 200,\n                showResizeBar: true\n                }, {\n                xclass: 'FWK.Widgets.TabSet',\n                   id: 'TabSet1',\n                tabs: [{\n                    xclass: 'FWK.Widgets.Tab',\n                    title: 'Tab1',\n                    id: 'Tab1'\n                }, {\n                    xclass: 'FWK.Widgets.Tab',\n                    title: 'Tab2',\n                    id: 'Tab2'\n                }],\n                showTabScroller:true,\n                showTabPicker:true,\n                destroyPanes:false,\n                showEdges:false\n            }]\n        }]\n    }],\n    width: '100%',\n    height: '100%'\n};\nvar oParser = new JUL.UI.Parser({\n    classProperty: 'xclass',\n    childrenProperty: 'children',\n    membersProperties: ['tabs'],\n    idProperty: 'id'\n});\noParser.create(oUiConfig);\nAPP.mainView.render();</code></pre>\nAnother example of the JUL tree for a XUL dialog:\n<pre><code>var oUiConfig = {\n    tag: 'dialog',\n    id: 'dialog-browse',\n    title: 'Open',\n    width: 500,\n    height: 250,\n    hidden: true,\n    children: [\n        {tag: 'listbox', id: 'listbox-browse', selType: 'single', \n            flex: 1, children: [\n            {tag: 'listhead', children: [\n                {tag: 'listheader', label: 'Name', width: 300}\n        ]},\n            {tag: 'listbody', children: [\n                {tag: 'listitem', children: [\n                    {tag: 'listcell', label: 'File 1'}\n                ]},\n                {tag: 'listitem', children: [\n                    {tag: 'listcell', label: 'File 2'}\n                ]}\n            ]}\n        ]}\n    ],\n};\nvar oParser = new JUL.UI.Parser({\n    defaultClass: 'xul',\n    useTags: true,\n    tagProperty: 'tag',\n    customFactory: 'JUL.UI.createDom',\n    topDown: true\n});\nvar oDialog = oParser.create(oUiConfig);\noDialog.show();</code></pre>"}
		],
		"JUL.Instance":[
			{"field":"description",
			"value":"Creates instances of the JUL global, which can be used as local variables.\nE.g. <code>var oInstance = new JUL.Instance({nsRoot: myLocalVar});</code>\nSpecial members of an instance:<ul>\n<li>ui - instance of JUL.UI.Parser with JUL.UI defaults applied</li>\n<li>ref - the same as JUL.Ref() factory</li>\n<li>parser - shortcut to this.ui.Parser() factory</li></ul>"},
			{"field":"class","value":"A class for creating instances of the main JUL object"},
			{"field":"param","name":"oConfig","type":"Object","description":"Configuration object","optional":true}
		],
		"JUL.Ref":[
			{"field":"description","value":"Creates a writable reference of a member of the given object"},
			{"field":"class","value":"A class for working with references in JavaScript"},
			{"field":"param","name":"oRef","type":"Object",
			"description":"The object to reference or a config object with 'ref' and 'key' properties"},
			{"field":"param","name":"sKey","type":"String","description":"The name of the member to reference"}
		],
		"JUL.Ref.@fileOverview":[
			{"field":"fileOverview","value":"A class for working with references in JavaScript"}
		],
		"JUL.Ref.prototype.del":[
			{"field":"description","value":"Applies JavaScript 'delete' operator on the referenced object member"},
			{"field":"returns","type":"Object","description":"The reference itself"}
		],
		"JUL.Ref.prototype.key":[
			{"field":"description","value":"Gets or sets the name of the referenced member"},
			{"field":"param","name":"sKey","type":"String",
			"description":"The new name or index to set the member to. Omit to get the current one.","optional":true},
			{"field":"returns","type":"String","description":"The name of the referenced member"}
		],
		"JUL.Ref.prototype.ref":[
			{"field":"description","value":"Gets or sets the referenced object or the name of the referenced member"},
			{"field":"param","name":"oRef","type":"Object",
			"description":"The new object to reference. Omit to get the current object, set to true to get the property name",
			"optional":true},
			{"field":"param","name":"sKey","type":"String","description":"The new name of the member to reference","optional":true},
			{"field":"returns","type":"Mixed","description":"The referenced object or member name if getting, nothing if setting"}
		],
		"JUL.Ref.prototype.val":[
			{"field":"description","value":"Gets or sets the value of the referenced member"},
			{"field":"param","name":"oVal","type":"Object",
			"description":"The new value to set the member to. Omit to get the current value","optional":true},
			{"field":"returns","type":"Mixed","description":"The value of the referenced member"}
		],
		"JUL.UI":[
			{"field":"description","value":"JUL.UI namespace"},
			{"field":"namespace",
			"value":"JUL tools for working with a config tree of component configs<br />\nIt can be also used as an instantiator (see {@link JUL.UI.Parser} method)"}
		],
		"JUL.UI.@fileOverview":[
			{"field":"fileOverview",
			"value":"JUL tools for working with a config tree of component configs<br>\nIt can be also used as an instantiator (see {@link JUL.UI.Parser} method)"}
		],
		"JUL.UI.Parser":[
			{"field":"description","value":"Creates a new JUL.UI parser that inherits all JUL.UI members"},
			{"field":"class","value":"Used to build parser objects for config trees"},
			{"field":"extends","value":"JUL.UI"},
			{"field":"param","name":"oConfig","type":"Object","description":"Parser config object to override inherited members",
			"optional":true}
		],
		"JUL.UI._createXml":[
			{"field":"description","value":"Utility wrapper of browser's XML parser"},
			{"field":"private"}
		],
		"JUL.UI._getJul":[
			{"field":"description","value":"Gets the actual JUL instance this object belongs to"},
			{"field":"returns","type":"Object","description":"The JUL instance"},
			{"field":"private"}
		],
		"JUL.UI._includeMerger":[
			{"field":"description",
			"value":"May be set to a 'include' merging function used globally by the parser.\nSee JUL.UI.include() parameters."},
			{"field":"type","value":"Function"},
			{"field":"private"}
		],
		"JUL.UI._instanceProperty":[
			{"field":"description","value":"Used for debugging purposes"},
			{"field":"type","value":"String"},
			{"field":"private"}
		],
		"JUL.UI._jsonPrefixes":[
			{"field":"description",
			"value":"Prefixes used when serializing certain objects into JSON.\n@see JUL.UI._usePrefixes property"},
			{"field":"type","value":"Object"},
			{"field":"private"}
		],
		"JUL.UI._jsonReplacer":[
			{"field":"description","value":"Callback used internally by the serializer"},
			{"field":"private"}
		],
		"JUL.UI._jsonize":[
			{"field":"description",
			"value":"Copies an object to a format suitable for JSON.stringify(). Used only for old JSON engines"},
			{"field":"private"}
		],
		"JUL.UI._keepInstance":[
			{"field":"description","value":"Used for debugging purposes"},
			{"field":"type","value":"Boolean"},
			{"field":"private"}
		],
		"JUL.UI._newlineString":[
			{"field":"description","value":"New line delimiter for serialized strings"},
			{"field":"type","value":"String"},
			{"field":"private"}
		],
		"JUL.UI._phraseLength":[
			{"field":"description","value":"Desired line length of an Array/Object member list in the generated code"},
			{"field":"type","value":"Number"},
			{"field":"private"}
		],
		"JUL.UI._regExps":[
			{"field":"description","value":"Several RegExp patterns used across JUL.UI"},
			{"field":"type","value":"Object"},
			{"field":"private"}
		],
		"JUL.UI._spaceString":[
			{"field":"description","value":"Space delimiter for serialized strings"},
			{"field":"type","value":"String"},
			{"field":"private"}
		],
		"JUL.UI._tabString":[
			{"field":"description","value":"Tab delimiter for serialized strings"},
			{"field":"type","value":"String"},
			{"field":"private"}
		],
		"JUL.UI._useDoubleQuotes":[
			{"field":"description","value":"Set to true to generate double quoted JavaScript strings"},
			{"field":"type","value":"Boolean"},
			{"field":"private"}
		],
		"JUL.UI._usePrefixes":[
			{"field":"description",
			"value":"If true, the objects/functions will serialize into JSON using type dependent prefixes.\n@see JUL.UI._jsonPrefixes hash. This doesn't affect the generated JavaScript."},
			{"field":"type","value":"Boolean"},
			{"field":"private"}
		],
		"JUL.UI.bindingProperty":[
			{"field":"description","value":"The name of the binding property in the config tree"},
			{"field":"type","value":"String"}
		],
		"JUL.UI.childrenProperty":[
			{"field":"description","value":"The name of the children property in the config tree"},
			{"field":"type","value":"String"}
		],
		"JUL.UI.classProperty":[
			{"field":"description","value":"The name of the class property in the config tree"},
			{"field":"type","value":"String"}
		],
		"JUL.UI.compact":[
			{"field":"description",
			"value":"Compacts a config tree converting suitable 'childrenProperty' items into 'membersProperties' properties"},
			{"field":"param","name":"oData","type":"Object","description":"Config tree"},
			{"field":"param","name":"bAuto","type":"Boolean",
			"description":"Autodetect compactable items and add their names to the 'membersProperties' array of the parser"},
			{"field":"param","name":"_nLength","type":"Number","description":"For internal use","optional":true},
			{"field":"returns","type":"Object","description":"Compacted config tree"}
		],
		"JUL.UI.create":[
			{"field":"description",
			"value":"Creates a tree of runtime objects specified by a config tree<br>\nObject instances are created bottom-up by default with children instances put in the parent config, \nor top-down with parent instance put in the children configs"},
			{"field":"param","name":"oTree","type":"Object","description":"Config tree root or array of root configs"},
			{"field":"param","name":"oBindings","type":"Object",
			"description":"Config tree logic that will apply to the corresponding nodes","optional":true},
			{"field":"param","name":"oParent","type":"Object",
			"description":"Optional parent object of the root instance when instantiating top-down","optional":true},
			{"field":"param","name":"bSparse","type":"Boolean",
			"description":"This allows parsing a ‘sparse’ tree, i.e. a tree where some component nodes are not direct children of other components.\nEvery node which has a class or a tag set will be instantiated, regardless of its membership.\nThe ‘defaultClass’ property of the parser does not apply in this mode.",
			"optional":true},
			{"field":"returns","type":"Object","description":"Tree root instance or array of root instances"}
		],
		"JUL.UI.createComponent":[
			{"field":"description",
			"value":"Creates a single component given its config<br>\nIf the ID property is a dotted path, the component is published (made available) under that path"},
			{"field":"param","name":"oConfig","type":"Object","description":"Component config"},
			{"field":"returns","type":"Object","description":"Component instance"}
		],
		"JUL.UI.createDom":[
			{"field":"description",
			"value":"Custom factory for DOM languages<br>\nTo use it, set the 'customFactory' property of the parser to JUL.UI.createDom"},
			{"field":"param","name":"oConfig","type":"Object","description":"Config object"},
			{"field":"param","name":"oWidget","type":"Object",
			"description":"Optional element instance. If present, the element will not be created, but it will be applied the passed config.",
			"optional":true},
			{"field":"returns","type":"Object","description":"Element instance"}
		],
		"JUL.UI.cssProperty":[
			{"field":"description","value":"The name of the CSS class property in the config tree"},
			{"field":"type","value":"String"}
		],
		"JUL.UI.customFactory":[
			{"field":"description","value":"An optional custom function to instantiate a component"},
			{"field":"type","value":"Function"}
		],
		"JUL.UI.defaultClass":[
			{"field":"description","value":"The name of the default class in the config tree"},
			{"field":"type","value":"String"}
		],
		"JUL.UI.expand":[
			{"field":"description",
			"value":"Expands a compacted config tree converting all 'membersProperties' properties into 'childrenProperty' items"},
			{"field":"param","name":"oData","type":"Object","description":"Compacted config tree"},
			{"field":"returns","type":"Object","description":"Expanded config tree"}
		],
		"JUL.UI.factory":[
			{"field":"description","value":"Default factory method that creates an object of a certain class"},
			{"field":"param","name":"sClass","type":"String",
			"description":"Dotted path of the class constructor i.e. class full name"},
			{"field":"param","name":"oArgs","type":"Object",
			"description":"Constructor arguments as a config object (excluding class name)"},
			{"field":"returns","type":"Object","description":"The new created object"}
		],
		"JUL.UI.getMembers":[
			{"field":"description",
			"value":"Gets a list of members to instantiate that may depend on the supplied config node.\nIt takes into account all members settings and mappings."},
			{"field":"param","name":"oConfig","type":"Object","description":"Configuration object","optional":true},
			{"field":"returns","type":"Array","description":"List of member names to instantiate (for the given config)"}
		],
		"JUL.UI.htmlProperty":[
			{"field":"description","value":"The name of the inner HTML property in the config tree"},
			{"field":"type","value":"String"}
		],
		"JUL.UI.idProperty":[
			{"field":"description","value":"The name of the ID property in the config tree"},
			{"field":"type","value":"String"}
		],
		"JUL.UI.include":[
			{"field":"description","value":"Does explicit object inheritance based on a predefined object property"},
			{"field":"param","name":"oData","type":"Object",
			"description":"Config object containing an include property i.e. a dotted path to another object"},
			{"field":"param","name":"fMerger","type":"Function",
			"description":"Callback function to do a custom object merging. it has two parameters:<ul>\n<li>oSource - the current object to be affected</li>\n<li>oAdd - the object to be merged with oSource</li>\n</ul>If not present, the merging is done using JUL.apply()",
			"optional":true},
			{"field":"returns","type":"Object",
			"description":"Object with recursively applied inherited properties where not already present"}
		],
		"JUL.UI.includeProperty":[
			{"field":"description","value":"The name of the include property in the config tree"},
			{"field":"type","value":"String"}
		],
		"JUL.UI.instantiateProperty":[
			{"field":"description","value":"A property that may contain a per-config list of members to instantiate"},
			{"field":"type","value":"String"}
		],
		"JUL.UI.membersMappings":[
			{"field":"description","value":"Optional mappings between the component class name and a list of members to instantiate"},
			{"field":"type","value":"Object"}
		],
		"JUL.UI.membersProperties":[
			{"field":"description","value":"An array of names of the other 'members' properties in the config tree"},
			{"field":"type","value":"Array"}
		],
		"JUL.UI.obj2str":[
			{"field":"description","value":"Recursively converts a config object to JavaScript or to JSON"},
			{"field":"param","name":"oData","type":"Object","description":"Config object"},
			{"field":"param","name":"bQuote","type":"Boolean",
			"description":"Set it to true for getting valid JSON instead of JavaScript","optional":true},
			{"field":"param","name":"fDecorator","type":"Function",
			"description":"Postprocessing the code fragment corresponding to each inner member, up to the next delimiter. \nOnly available for the JavaScript generated code. Parameters:<ul>\n<li><b>sContent</b>: the code fragment</li>\n<li><b>sPath</b>: the dotted path to the current member relative to the root object</li>\n<li><b>sIndent</b>: the current indentation in the generated code</li>\n</ul>The call is made in the context of the root object. You should return the unchanged fragment when not processing.",
			"optional":true},
			{"field":"returns","type":"String","description":"JavaScript code or JSON string"}
		],
		"JUL.UI.parentProperty":[
			{"field":"description","value":"The name of the parent property in the config tree. Used if topDown is true"},
			{"field":"type","value":"String"}
		],
		"JUL.UI.parserProperty":[
			{"field":"description",
			"value":"The name pf the parser config property used as meta information for a branch of the config tree"},
			{"field":"type","value":"String"}
		],
		"JUL.UI.referencePrefix":[
			{"field":"description",
			"value":"It allows JUL.UI.obj2str() to output the enclosed expression unquoted.\nIt also applies to JUL.UI.creatDom() when setting the element attributes."},
			{"field":"type","value":"String"}
		],
		"JUL.UI.tagProperty":[
			{"field":"description","value":"The name of the tag property in the config tree"},
			{"field":"type","value":"String"}
		],
		"JUL.UI.topDown":[
			{"field":"description","value":"Set this to true to have a top-down instantiation instead of the default bottom-up one"},
			{"field":"type","value":"Boolean"}
		],
		"JUL.UI.useTags":[
			{"field":"description","value":"Whether to use tag property in the config tree"},
			{"field":"type","value":"Boolean"}
		],
		"JUL.UI.xml2jul":[
			{"field":"description","value":"Converts a XML DOM to a JUL.UI config tree or to JavaScript code"},
			{"field":"param","name":"oXml","type":"Object","description":"DOM XML object or XML string to convert"},
			{"field":"param","name":"bReturnString","type":"Boolean",
			"description":"Whether to serialize converted object to JavaScript code","optional":true},
			{"field":"returns","type":"Object","description":"JUL.UI config tree or its JavaScript code"}
		],
		"JUL.UI.xmlNS":[
			{"field":"description","value":"Hash containing XML namespaces for several DOM languages"},
			{"field":"type","value":"Object"}
		],
		"JUL._getAutoInstance":[
			{"field":"description","value":"Gets the JUL instance getter function for a given namespace root, with caching"},
			{"field":"param","name":"oNSRoot","type":"Object","description":"Namespace root","optional":true},
			{"field":"returns","type":"Function","description":"Instance getter"},
			{"field":"private"}
		],
		"JUL.apply":[
			{"field":"description","value":"Applies an object or an array of objects to a given object"},
			{"field":"param","name":"oSource","type":"Object","description":"The source object to apply to"},
			{"field":"param","name":"oAdd","type":"Object","description":"An Object or array of Objects to apply"},
			{"field":"param","name":"bDontReplace","type":"Boolean","description":"Set it to true to don't replace existing members"},
			{"field":"param","name":"aFilterOut","type":"Array",
			"description":"If not null, the keys in this array will not be applied over","optional":true},
			{"field":"param","name":"aFilterIn","type":"Array",
			"description":"If not null, only the keys in this array will be applied over","optional":true},
			{"field":"returns","type":"Object","description":"The source object with the applied members"}
		],
		"JUL.get":[
			{"field":"description","value":"Retrieves a member specified by a dotted path"},
			{"field":"param","name":"sPath","type":"String","description":"The dotted path or object reference to retrieve"},
			{"field":"param","name":"oRoot","type":"Object","description":"An optional object where to start the search from",
			"optional":true},
			{"field":"returns","type":"Object","description":"The requested member or undefined if not found"}
		],
		"JUL.getInstance":[
			{"field":"description","value":"Gets the JUL instance associated with a child object (e.g. a parser, a reference)"},
			{"field":"param","name":"oChild","type":"Object","description":"Child object"},
			{"field":"returns","type":"Object","description":"JUL instance or null if not available"}
		],
		"JUL.makeCaller":[
			{"field":"description",
			"value":"Creates a wrapper that will call a certain function in a specific scope.\nUseful for ensuring that a callback will get the desired scope."},
			{"field":"param","name":"oScope","type":"Object","description":"The scope to call the given function in"},
			{"field":"param","name":"fCall","type":"Mixed",
			"description":"The function to be called. If a string or an index, it will be the oScope method with that name."},
			{"field":"param","name":"bAppendThis","type":"Boolean",
			"description":"If true, the actual calling context will be added as the last parameter of the called function",
			"optional":true},
			{"field":"returns","type":"Function","description":"The caller function"}
		],
		"JUL.ns":[
			{"field":"description","value":"Creates the specified namespace, and optionally initializes it"},
			{"field":"param","name":"sPath","type":"String","description":"The dotted path for the namespace"},
			{"field":"param","name":"oInit","type":"Object","description":"An optional initializer","optional":true},
			{"field":"param","name":"oRoot","type":"Object","description":"The root object where to start from","optional":true},
			{"field":"returns","type":"Object","description":"The created or existing namespace"}
		],
		"JUL.nsRoot":[
			{"field":"description","value":"This allows setting a default root namespace instead of the global one"},
			{"field":"type","value":"Object"}
		],
		"JUL.trim":[
			{"field":"description","value":"Trims white spaces around a string"},
			{"field":"param","name":"sText","type":"String","description":"The string to trim"},
			{"field":"param","name":"sWhat","type":"String","description":"Optional string to trim at both ends"},
			{"field":"param","name":"_bFromMap","type":"Boolean",
			"description":"Internal use, it avoids side-effect when called from Array.prototype.map","optional":true},
			{"field":"returns","type":"String","description":"Trimmed string"}
		],
		"JUL.typeOf":[
			{"field":"description","value":"Returns the name of the object's native constructor"},
			{"field":"param","name":"oData","type":"Mixed","description":"An object to get the native constructor name from"},
			{"field":"returns","type":"String","description":"The native constructor name"}
		],
		"JUL.version":[
			{"field":"description","value":"JUL version"},
			{"field":"type","value":"String"}
		]
	}
}